"RESRCE";"Mean(ELAPSED_TIME)";"Max*(ELAPSED_TIME)";"Min*(ELAPSED_TIME)";"Mean(ELAPSED_QUEUE_TIME)";"Max*(ELAPSED_QUEUE_TIME)";"Min*(ELAPSED_QUEUE_TIME)";"PROCESSING_TIME_SECS";"WAITING_TIME_SECS";"MAX_PROCESSING_TIME_SECS";"MIN_PROCESSING_TIME_SECS";"MAX_WAITING_TIME_SECS";"MIN_WAITING_TIME_SECS"
"";0;0;0;0;0;0;"0.0";"0.0";"0.0";"0.0";"0.0";"0.0"
"104";8443.009939105192;97585;2;42757.622339563866;6009186;0;"8.443";"42.757";"97.585";"0.002";"6009.186";"0.0"
"105";8305.452014757351;436826;2;50987.1220193892;6022186;0;"8.305";"50.987";"436.826";"0.002";"6022.186";"0.0"
"108";4.097801378681609;3023;2;845.5913792360119;10584;145;"0.004";"0.845";"3.023";"0.002";"10.584";"0.145"
"1479";1642.8547225334485;7653;0;337.73717325189807;8000;0;"1.642";"0.337";"7.653";"0.0";"8.0";"0.0"
"1489";3.7833961706216734;47;2;829.7873389024408;5447;146;"0.003";"0.829";"0.047";"0.002";"5.447";"0.146"
"1614";3.776805844739823;45;2;832.6323752263877;8074;168;"0.003";"0.832";"0.045";"0.002";"8.074";"0.168"
"2095";483.7312418687568;7057;2;581.0946400054314;9547;0;"0.483";"0.581";"7.057";"0.002";"9.547";"0.0"
"238";130193.841253531;1224063762;0;717385.1357136737;8378283000;0;"130.193";"717.385";"1224063.762";"0.0";"2147483.647";"0.0"
"2382";3.957690897271462;67;0;580509.7272765244;1193836161;0;"0.003";"580.509";"0.067";"0.0";"1193836.161";"0.0"
"2384";104517.35173261096;1193021645;33188;291.2490042485396;12000;0;"104.517";"0.291";"1193021.645";"33.188";"12.0";"0.0"
"3614";16853.04388714734;2028764;0;762731.9749216302;53764000;0;"16.853";"762.731";"2028.764";"0.0";"53764.0";"0.0"
"3619";22362.623254179933;187030764;4304;934.7056343965047;12000;0;"22.362";"0.934";"187030.764";"4.304";"12.0";"0.0"
"3620";3862.2207212911953;16872;3181;9123.95345237603;7765000;3000;"3.862";"9.123";"16.872";"3.181";"7765.0";"3.0"
"3625";6062.495156395962;418222;4934;59452.58520074642;25156000;10000;"6.062";"59.452";"418.222";"4.934";"25156.0";"10.0"
"3627";6036.338328420942;1788521;4202;34243.061837919224;8318000;6000;"6.036";"34.243";"1788.521";"4.202";"8318.0";"6.0"
"3628";24564.18642064309;1191859269;487;26135.116044399452;8027000;6000;"24.564";"26.135";"1191859.269";"0.487";"8027.0";"6.0"
"3629";9322.036794848336;239466;0;26412.16187463642;7894000;0;"9.322";"26.412";"239.466";"0.0";"7894.0";"0.0"
"3630";5592.522522650541;2320955;2861;8802.777698883738;7866000;3000;"5.592";"8.802";"2320.955";"2.861";"7866.0";"3.0"
"3631";8686.295914737255;2753741;2933;26579.0230089503;8175000;9000;"8.686";"26.579";"2753.741";"2.933";"8175.0";"9.0"
"3632";9552.457724025853;56845;7995;15863.561114687596;7885000;5000;"9.552";"15.863";"56.845";"7.995";"7885.0";"5.0"
"3760";10021.809608540892;100904;8591;41600.83036773412;855000;17000;"10.021";"41.6";"100.904";"8.591";"855.0";"17.0"
"3824";8617.690586941864;1353426;7677;296739.6256202013;9136000;84000;"8.617";"296.739";"1353.426";"7.677";"9136.0";"84.0"
"3833";3.5125064296170545;223;2;149182.0036764163;2069321263;2403;"0.003";"149.182";"0.223";"0.002";"2069321.263";"2.403"
"3862";4.479789103690671;25;3;158874.38840070294;5580757;10475;"0.004";"158.874";"0.025";"0.003";"5580.757";"10.475"
"3863";9574.448621054358;47877;6268;8534.009903266753;7867000;3000;"9.574";"8.534";"47.877";"6.268";"7867.0";"3.0"
"3864";8500.565440885648;11631;7309;8742.783708975896;798000;4000;"8.5";"8.742";"11.631";"7.309";"798.0";"4.0"
"3865";4.408142178135967;33;2;39983.488117379464;506946;33372;"0.004";"39.983";"0.033";"0.002";"506.946";"33.372"
"3944";1413125.1130596267;14364641487;11041;149059.90228963122;15295000;30000;"1413.125";"149.059";"2147483.647";"11.041";"15295.0";"30.0"
"3945";3717465.544890526;3006405699;12486;154664.54910913637;15282000;32000;"3717.465";"154.664";"2147483.647";"12.486";"15282.0";"32.0"
"3946";265040.70827953226;2091329974;10420;197044.90800516348;1188564000;32000;"265.04";"197.044";"2091329.974";"10.42";"1188564.0";"32.0"
"3947";235824093.26666674;3272215865;14100;266033.33333333343;1773000;42000;"235824.093";"266.033";"2147483.647";"14.1";"1773.0";"42.0"
"4376";4525.000000000002;122276;3104;449.40867279894957;1000;0;"4.525";"0.449";"122.276";"3.104";"1.0";"0.0"
"4535";4394.614056720094;107710;0;457.45992601726266;2000;0;"4.394";"0.457";"107.71";"0.0";"2.0";"0.0"
"4536";3.9823489477257343;32;2;1135.2294636795639;224300;344;"0.003";"1.135";"0.032";"0.002";"224.3";"0.344"
"5036";4180.375166889181;12323;3045;3340.453938584775;2222000;0;"4.18";"3.34";"12.323";"3.045";"2222.0";"0.0"
"5039";19989.714285714283;148620;6434;0;0;0;"19.989";"0.0";"148.62";"6.434";"0.0";"0.0"
"5043";8064.432055749131;735015;0;338487.70034843206;15128897;0;"8.064";"338.487";"735.015";"0.0";"15128.897";"0.0"
"5044";4650.858227282858;8752978;0;901.6521544987692;3251000;0;"4.65";"0.901";"8752.978";"0.0";"3251.0";"0.0"
"5045";46357.99938448885;206215461;0;500.4103405826838;431000;0;"46.357";"0.5";"206215.461";"0.0";"431.0";"0.0"
"5050";4.456595489922144;178;2;213318.9252533287;342507844;540;"0.004";"213.318";"0.178";"0.002";"342507.844";"0.54"
"5069";4.378964941569242;42;2;190553.5664440729;30064090;54542;"0.004";"190.553";"0.042";"0.002";"30064.09";"54.542"
"5070";4.451637349926163;235;2;296053.3197718427;334162184;22886;"0.004";"296.053";"0.235";"0.002";"334162.184";"22.886"
"5118";3807536.0769230775;49350187;8911;0;0;0;"3807.536";"0.0";"49350.187";"8.911";"0.0";"0.0"
"5120";6.0894308943089435;61;3;1223.7317073170734;2384;565;"0.006";"1.223";"0.061";"0.003";"2.384";"0.565"
"5140";17254.222222222223;17735;16630;0;0;0;"17.254";"0.0";"17.735";"16.63";"0.0";"0.0"
"5163";35684.618421052655;44089;0;1125593.8026315803;33927000;0;"35.684";"1125.593";"44.089";"0.0";"33927.0";"0.0"
"5164";35471.57516339871;44576;0;984913.2287581706;33926000;0;"35.471";"984.913";"44.576";"0.0";"33926.0";"0.0"
"5165";35801.1644736842;43266;0;706813.4144736845;33752000;0;"35.801";"706.813";"43.266";"0.0";"33752.0";"0.0"
"5166";33411.550416546976;84112;0;716038.230680834;345072000;0;"33.411";"716.038";"84.112";"0.0";"345072.0";"0.0"
"5167";33094.72784090924;84546;3;457099.47613636305;215879000;169;"33.094";"457.099";"84.546";"0.003";"215879.0";"0.169"
"5168";33306.64964336658;77248;3;149828.9278174032;31091000;187;"33.306";"149.828";"77.248";"0.003";"31091.0";"0.187"
"5169";33274.85048658207;67328;0;704303.2500737224;345044000;0;"33.274";"704.303";"67.328";"0.0";"345044.0";"0.0"
"5170";33301.09407254497;81136;0;337334.9946918311;186103000;0;"33.301";"337.334";"81.136";"0.0";"186103.0";"0.0"
"5171";33578.415160349956;1925981;0;254827.78921282772;215693000;0;"33.578";"254.827";"1925.981";"0.0";"215693.0";"0.0"
"5175";4903.471832568778;25400912;2707;38928.8550711361;186066000;10000;"4.903";"38.928";"25400.912";"2.707";"186066.0";"10.0"
"5180";8626.5935178933;1427169;3;72453.6022957459;5236296;0;"8.626";"72.453";"1427.169";"0.003";"5236.296";"0.0"
"5181";17164.073634204255;28217;5391;30935.866983372962;4579000;2000;"17.164";"30.935";"28.217";"5.391";"4579.0";"2.0"
"5200";13239.853194691457;2398618;10566;42513.88698864381;2540000;8000;"13.239";"42.513";"2398.618";"10.566";"2540.0";"8.0"
"5220";20917.060126190772;159239948;3506;6603.179512557179;8258000;1000;"20.917";"6.603";"159239.948";"3.506";"8258.0";"1.0"
"5233";16052.988724944244;133641;1034;1453727.7282850752;343648000;94000;"16.052";"1453.727";"133.641";"1.034";"343648.0";"94.0"
"5234";16199.732679422485;133296;5640;1944895.144021539;345819000;98000;"16.199";"1944.895";"133.296";"5.64";"345819.0";"98.0"
"5237";99091.63763066125;358221255;25693;1396741.3240418078;219140000;93000;"99.091";"1396.741";"358221.255";"25.693";"219140.0";"93.0"
"5238";96880.19919096086;358103011;25957;1431912.2611242798;219152000;97000;"96.88";"1431.912";"358103.011";"25.957";"219152.0";"97.0"
"5239";63999.122647350836;149413205;8127;8057.516097077642;4286000;4000;"63.999";"8.057";"149413.205";"8.127";"4286.0";"4.0"
"5265";56569.72784436331;342935380;2669;373874.2400555775;345251000;13000;"56.569";"373.874";"342935.38";"2.669";"345251.0";"13.0"
"5268";51532.88888888889;400123;9444;108722.22222222222;406000;15000;"51.532";"108.722";"400.123";"9.444";"406.0";"15.0"
"5270";5159.117462289884;6674257;2;121764.52131441694;32057000;223;"5.159";"121.764";"6674.257";"0.002";"32057.0";"0.223"
"5271";8566.835162566615;22156;0;72832.98520557271;343247000;0;"8.566";"72.832";"22.156";"0.0";"343247.0";"0.0"
"5292";33463.07142857143;40075;0;63964.28571428571;523000;0;"33.463";"63.964";"40.075";"0.0";"523.0";"0.0"
"5293";37788.461538461524;39508;35936;74076.92307692306;270000;18000;"37.788";"74.076";"39.508";"35.936";"270.0";"18.0"
"5294";27190.444852941193;41622;0;112411.76470588245;9811000;0;"27.19";"112.411";"41.622";"0.0";"9811.0";"0.0"
"5295";27929.897526501798;135092;0;206438.16254416987;9853000;0;"27.929";"206.438";"135.092";"0.0";"9853.0";"0.0"
"5302";27162.616822429914;71140;0;548093.4579439254;53722000;0;"27.162";"548.093";"71.14";"0.0";"53722.0";"0.0"
"5303";26995.485815602835;47224;0;523464.53900709207;99694000;0;"26.995";"523.464";"47.224";"0.0";"99694.0";"0.0"
"5341";4.281249999999996;27;2;408429.08680555574;10138386;18180;"0.004";"408.429";"0.027";"0.002";"10138.386";"18.18"
"5346";28424.384164403808;146783746;7082;20650.20982473456;3226000;1000;"28.424";"20.65";"146783.746";"7.082";"3226.0";"1.0"
"5347";63541.17522658617;7964476;9848;49010.574018126936;2335000;1000;"63.541";"49.01";"7964.476";"9.848";"2335.0";"1.0"
"5352";176948.54981092256;531216214;3957;519.6206062860317;251000;0;"176.948";"0.519";"531216.214";"3.957";"251.0";"0.0"
"5353";799.7781250000004;3139;131;0;0;0;"0.799";"0.0";"3.139";"0.131";"0.0";"0.0"
"5366";1569.2780487804873;9382;791;9795.121951219526;1702000;0;"1.569";"9.795";"9.382";"0.791";"1702.0";"0.0"
"5368";712411.0012886607;33964577;0;4702326.030927838;221275000;0;"712.411";"4702.326";"33964.577";"0.0";"221275.0";"0.0"
"5369";713779.8305304026;34007252;0;4418728.33117723;221266000;0;"713.779";"4418.728";"34007.252";"0.0";"221266.0";"0.0"
"5370";717075.7399741277;34035336;0;4403364.812419134;221260000;0;"717.075";"4403.364";"34035.336";"0.0";"221260.0";"0.0"
"5371";716083.978007762;34385356;0;4367446.313065969;221255000;0;"716.083";"4367.446";"34385.356";"0.0";"221255.0";"0.0"
"5372";716655.0517464416;34424880;0;4339777.4902975485;221249000;0;"716.655";"4339.777";"34424.88";"0.0";"221249.0";"0.0"
"5373";717240.1099611904;34491717;0;4307445.019404922;221233000;0;"717.24";"4307.445";"34491.717";"0.0";"221233.0";"0.0"
"5374";717156.8771021998;34527134;0;4175027.1668822803;221223000;0;"717.156";"4175.027";"34527.134";"0.0";"221223.0";"0.0"
"5375";718184.4359637791;34557998;0;4148195.3428201843;221215000;0;"718.184";"4148.195";"34557.998";"0.0";"221215.0";"0.0"
"5376";680186.1800518129;34582254;0;4111882.124352335;221210000;0;"680.186";"4111.882";"34582.254";"0.0";"221210.0";"0.0"
"5377";572575.737335835;6363256;0;3701456.8480300196;220401000;0;"572.575";"3701.456";"6363.256";"0.0";"220401.0";"0.0"
"5378";573159.8637218041;6394705;0;3645849.624060148;220392000;0;"573.159";"3645.849";"6394.705";"0.0";"220392.0";"0.0"
"5379";574091.1644736852;6441200;0;3616078.0075187925;220382000;0;"574.091";"3616.078";"6441.2";"0.0";"220382.0";"0.0"
"5380";574415.1644736853;6479804;0;3592582.7067669104;220371000;0;"574.415";"3592.582";"6479.804";"0.0";"220371.0";"0.0"
"5381";574938.3129123462;6543702;0;3564645.6173421335;220361000;0;"574.938";"3564.645";"6543.702";"0.0";"220361.0";"0.0"
"5382";575351.7191328929;6607083;0;3536115.9283694634;220351000;0;"575.351";"3536.115";"6607.083";"0.0";"220351.0";"0.0"
"5383";575632.3883129124;6630799;0;3512928.3694627723;220332000;0;"575.632";"3512.928";"6630.799";"0.0";"220332.0";"0.0"
"5384";575345.5783018876;6666717;0;3459486.7924528313;220321000;0;"575.345";"3459.486";"6666.717";"0.0";"220321.0";"0.0"
"5385";575961.7990566036;6700153;0;3432435.8490566066;220313000;0;"575.961";"3432.435";"6700.153";"0.0";"220313.0";"0.0"
"5429";563827.0120663643;6359854;409218;4572607.843137254;224670000;597000;"563.827";"4572.607";"6359.854";"409.218";"224670.0";"597.0"
"5430";563872.5972850678;6312758;408344;4539591.251885369;224661000;590000;"563.872";"4539.591";"6312.758";"408.344";"224661.0";"590.0"
"5431";563544.5927601809;6204578;408498;4496218.702865767;224652000;581000;"563.544";"4496.218";"6204.578";"408.498";"224652.0";"581.0"
"5432";563753.0542986434;6204644;408643;4470132.730015079;224643000;570000;"563.753";"4470.132";"6204.644";"408.643";"224643.0";"570.0"
"5433";563943.494720967;6203779;408914;4438888.386123683;224633000;565000;"563.943";"4438.888";"6203.779";"408.914";"224633.0";"565.0"
"5434";564133.9592145017;6203846;409033;4407978.851963745;224624000;556000;"564.133";"4407.978";"6203.846";"409.033";"224624.0";"556.0"
"5435";564574.6465256801;6383093;409172;4331110.271903322;224613000;547000;"564.574";"4331.11";"6383.093";"409.172";"224613.0";"547.0"
"5436";564280.2628398786;6513733;409086;4289256.797583084;224605000;536000;"564.28";"4289.256";"6513.733";"409.086";"224605.0";"536.0"
"5437";564440.7730711043;6547895;408766;4251999.9999999935;224601000;528000;"564.44";"4251.999";"6547.895";"408.766";"224601.0";"528.0"
"5443";541577.0390455527;5377454;243713;4470726.681127984;223519000;610000;"541.577";"4470.726";"5377.454";"243.713";"223519.0";"610.0"
"5444";541828.1053203054;5406848;243860;4436942.453854515;223508000;601000;"541.828";"4436.942";"5406.848";"243.86";"223508.0";"601.0"
"5445";541958.3376764387;5424146;243930;4405932.681867526;223497000;586000;"541.958";"4405.932";"5424.146";"243.93";"223497.0";"586.0"
"5446";542070.8447339869;5444318;243992;4374450.5971769905;223429000;576000;"542.07";"4374.45";"5444.318";"243.992";"223429.0";"576.0"
"5447";541843.2358695647;5468348;0;4345741.304347832;223419000;0;"541.843";"4345.741";"5468.348";"0.0";"223419.0";"0.0"
"5448";542098.0021810252;5482604;0;4316290.076335882;223410000;0;"542.098";"4316.29";"5482.604";"0.0";"223410.0";"0.0"
"5449";542403.8711790392;5540308;0;4248720.524017474;223401000;0;"542.403";"4248.72";"5540.308";"0.0";"223401.0";"0.0"
"5450";542651.9443231439;5586419;243803;4214847.161572054;223391000;383000;"542.651";"4214.847";"5586.419";"243.803";"223391.0";"383.0"
"5451";542688.2489082968;5602183;244065;4173658.2969432273;223348000;373000;"542.688";"4173.658";"5602.183";"244.065";"223348.0";"373.0"
"5506";76.73795103384788;23985;2;39867110.94538502;2207424602;0;"0.076";"39867.11";"23.985";"0.002";"2147483.647";"0.0"
"5507";5.408005713508269;323;0;5428211.2835328;228540830;0;"0.005";"5428.211";"0.323";"0.0";"228540.83";"0.0"
"5577";26629.04921478906;134212278;1775;123398.29355756144;187343000;5000;"26.629";"123.398";"134212.278";"1.775";"187343.0";"5.0"
"5583";44551.50048229284;8199930;0;1936889.2104175172;345808000;0;"44.551";"1936.889";"8199.93";"0.0";"345808.0";"0.0"
"5584";44074.231904039494;8191556;0;1896565.9727009607;345807000;0;"44.074";"1896.565";"8191.556";"0.0";"345807.0";"0.0"
"5585";4197.155590869659;94139;0;6504.448569777453;32741000;0;"4.197";"6.504";"94.139";"0.0";"32741.0";"0.0"
"5587";4092.3463219919704;84451;3;4683.767249572307;8294000;0;"4.092";"4.683";"84.451";"0.003";"8294.0";"0.0"
"5588";4080.8209937947076;65457;0;5417.921178532504;4140000;0;"4.08";"5.417";"65.457";"0.0";"4140.0";"0.0"
"5589";4080.0811171479877;79416;0;7114.443094080576;59702000;0;"4.08";"7.114";"79.416";"0.0";"59702.0";"0.0"
"5593";4437.744609487271;3500037;0;4101.865069477672;4488000;0;"4.437";"4.101";"3500.037";"0.0";"4488.0";"0.0"
"5594";4211.715284715315;84186;3;3851.409447695126;4357000;0;"4.211";"3.851";"84.186";"0.003";"4357.0";"0.0"
"5595";4268.854276251726;97631;3;13213.637005649647;186899000;0;"4.268";"13.213";"97.631";"0.003";"186899.0";"0.0"
"5596";4158.292971534403;80903;0;3895.5516798935064;3354000;0;"4.158";"3.895";"80.903";"0.0";"3354.0";"0.0"
"5597";4175.987494010475;102631;3;5277.00287494008;9875000;0;"4.175";"5.277";"102.631";"0.003";"9875.0";"0.0"
"5598";4202.386055396349;75661;3;5952.989255014289;31002000;0;"4.202";"5.952";"75.661";"0.003";"31002.0";"0.0"
"5599";4353.349401040423;3490590;3;23755.50050112132;358568000;0;"4.353";"23.755";"3490.59";"0.003";"358568.0";"0.0"
"5600";4296.465866358055;76743;0;4214.005013981269;3904000;0;"4.296";"4.214";"76.743";"0.0";"3904.0";"0.0"
"5601";4162.317615150334;66798;0;4540.172392462834;2772000;0;"4.162";"4.54";"66.798";"0.0";"2772.0";"0.0"
"5602";4244.008251775041;451588;0;5168.737718288175;31247000;0;"4.244";"5.168";"451.588";"0.0";"31247.0";"0.0"
"5603";4189.369043098493;78488;3;14479.613679513794;186098000;0;"4.189";"14.479";"78.488";"0.003";"186098.0";"0.0"
"5604";4334.054118680466;103293;2;3436.611506929503;2267000;0;"4.334";"3.436";"103.293";"0.002";"2267.0";"0.0"
"5722";6960.5054659031575;36336;0;4728.847995835509;1226000;0;"6.96";"4.728";"36.336";"0.0";"1226.0";"0.0"
"5723";4362.095973154365;11281;3251;824.1610738255016;36000;0;"4.362";"0.824";"11.281";"3.251";"36.0";"0.0"
"5863";2073.6666666666665;5481;0;1333.3333333333333;4000;0;"2.073";"1.333";"5.481";"0.0";"4.0";"0.0"
"5864";213323.38461538462;2703190;0;5153.846153846154;30000;0;"213.323";"5.153";"2703.19";"0.0";"30.0";"0.0"
"5866";34598;34598;34598;882000;882000;882000;"34.598";"882.0";"34.598";"34.598";"882.0";"882.0"
"5867";23781;36016;0;191000;515000;0;"23.781";"191.0";"36.016";"0.0";"515.0";"0.0"
"5869";35157;40636;25660;163333.3333333333;343000;26000;"35.157";"163.333";"40.636";"25.66";"343.0";"26.0"
"5871";19140.75;38368;0;17565500;70220000;0;"19.14";"17565.5";"38.368";"0.0";"70220.0";"0.0"
"5872";36482;57452;0;27200;76000;0;"36.482";"27.2";"57.452";"0.0";"76.0";"0.0"
"5873";33180.33333333333;39991;29565;44666.666666666664;77000;27000;"33.18";"44.666";"39.991";"29.565";"77.0";"27.0"
"5874";22394;30327;0;22500;45000;0;"22.394";"22.5";"30.327";"0.0";"45.0";"0.0"
"5875";3466.6991115498463;66195;0;2831936.4979269407;107698350;0;"3.466";"2831.936";"66.195";"0.0";"107698.35";"0.0"
"5876";4221.8949468085075;23863;3;748294.9468085108;63542692;0;"4.221";"748.294";"23.863";"0.003";"63542.692";"0.0"
"5950";4.57936507936508;33;3;1341.4444444444441;7873;563;"0.004";"1.341";"0.033";"0.003";"7.873";"0.563"
"6020";8280.382536815774;492996;7347;82167.58127257462;342438000;3000;"8.28";"82.167";"492.996";"7.347";"342438.0";"3.0"
"6173";1119188.6861660087;257476223;0;363181.02766798396;169886000;0;"1119.188";"363.181";"257476.223";"0.0";"169886.0";"0.0"
"6181";2511.725857661772;295382;0;7713.72258845671;10241000;0;"2.511";"7.713";"295.382";"0.0";"10241.0";"0.0"
"6383";26619.85535428853;28903485;8401;76823.38838572228;213435000;21000;"26.619";"76.823";"28903.485";"8.401";"213435.0";"21.0"
"6384";25036.563605186966;275125;8908;62438.4846211546;213418000;7000;"25.036";"62.438";"275.125";"8.908";"213418.0";"7.0"
"6385";25210.259517100287;384877;8321;33594.83949389461;1785000;25000;"25.21";"33.594";"384.877";"8.321";"1785.0";"25.0"
"6386";26012.26713255163;29223;11455;155953.11091073003;30352000;33000;"26.012";"155.953";"29.223";"11.455";"30352.0";"33.0"
"6387";25117.52985829944;30907;8484;156543.52226720637;31708000;28000;"25.117";"156.543";"30.907";"8.484";"31708.0";"28.0"
"6388";24660.715868898835;32218;5906;121006.60221645817;30330000;21000;"24.66";"121.006";"32.218";"5.906";"30330.0";"21.0"
"6389";33761.66132440986;124954;13209;219991.19408242186;214219000;19000;"33.761";"219.991";"124.954";"13.209";"214219.0";"19.0"
"6390";33691.89739223957;123811;12768;230957.6126893094;214699000;17000;"33.691";"230.957";"123.811";"12.768";"214699.0";"17.0"
"6391";33776.97278724562;124893;13170;165438.51933296685;214608000;15000;"33.776";"165.438";"124.893";"13.17";"214608.0";"15.0"
"6392";38298.43094057392;30432769;31747;439634.4199658591;221221000;17000;"38.298";"439.634";"30432.769";"31.747";"221221.0";"17.0"
"6393";38318.49359340593;30432742;13284;445694.76862808963;221210000;14000;"38.318";"445.694";"30432.742";"13.284";"221210.0";"14.0"
"6394";38306.93516779599;30432690;13277;385404.18061566044;221190000;12000;"38.306";"385.404";"30432.69";"13.277";"221190.0";"12.0"
"6562";4371.265047518467;994211;0;1578.1414994720164;2374000;0;"4.371";"1.578";"994.211";"0.0";"2374.0";"0.0"
"6564";3052.3758921490908;782492;0;1242.4662965900043;2391000;0;"3.052";"1.242";"782.492";"0.0";"2391.0";"0.0"
"6697";33024.092487194044;72668;0;649239.9302788852;344010000;0;"33.024";"649.239";"72.668";"0.0";"344010.0";"0.0"
"6698";33552.198235294134;67769;0;406953.36323529395;215338000;0;"33.552";"406.953";"67.769";"0.0";"215338.0";"0.0"
"6699";33653.027082720015;49579;0;136651.23932881976;14873000;0;"33.653";"136.651";"49.579";"0.0";"14873.0";"0.0"
"6700";34288.87479674799;142240;0;884606.0585365839;61538000;0;"34.288";"884.606";"142.24";"0.0";"61538.0";"0.0"
"6701";33793.81977671455;123873;3;800458.4433811806;57859000;212;"33.793";"800.458";"123.873";"0.003";"57859.0";"0.212"
"6702";33914.23263327949;159069;0;674023.4394184138;57860000;0;"33.914";"674.023";"159.069";"0.0";"57860.0";"0.0"
"6836";28036.405215386454;75097325;12447;162052.67252557265;214678000;10000;"28.036";"162.052";"75097.325";"12.447";"214678.0";"10.0"
"6837";30765.970651373544;267536176;12602;159986.0157016675;214666000;12000;"30.765";"159.986";"267536.176";"12.602";"214666.0";"12.0"
"6838";24864.814096577094;365157487;0;20667.856946657404;33126000;0;"24.864";"20.667";"365157.487";"0.0";"33126.0";"0.0"
"6839";12796.2088646023;1947698;11137;28860.06455117724;33032000;5000;"12.796";"28.86";"1947.698";"11.137";"33032.0";"5.0"
"6840";32844.280295835524;213614595;12841;195230.0210077994;213937000;16000;"32.844";"195.23";"213614.595";"12.841";"213937.0";"16.0"
"6841";31077.63175152534;213610512;11945;175715.73003005565;213975000;17000;"31.077";"175.715";"213610.512";"11.945";"213975.0";"17.0"
"6842";38603.19912076545;213630801;12771;191319.36901991107;213936000;7000;"38.603";"191.319";"213630.801";"12.771";"213936.0";"7.0"
"6843";36863.14418447691;213627254;11795;89585.44662843662;213660000;9000;"36.863";"89.585";"213627.254";"11.795";"213660.0";"9.0"
"6909";2547.535211267606;180875;0;1323.9436619718306;94000;0;"2.547";"1.323";"180.875";"0.0";"94.0";"0.0"
"6911";4815.21426687762;30895210;3314;5094.086966713564;2340000;2000;"4.815";"5.094";"30895.21";"3.314";"2340.0";"2.0"
"6912";7490.135916638488;30899362;3827;5967.713569680407;30525000;2000;"7.49";"5.967";"30899.362";"3.827";"30525.0";"2.0"
"6916";7730.906497320246;352058;6856;13805.462154026913;30533000;5000;"7.73";"13.805";"352.058";"6.856";"30533.0";"5.0"
"6924";7359.359347682413;733165;6468;106253.43421729267;213727000;11000;"7.359";"106.253";"733.165";"6.468";"213727.0";"11.0"
"6929";6492.649645014749;307401;0;64327.4242624676;213731000;0;"6.492";"64.327";"307.401";"0.0";"213731.0";"0.0"
"6930";7504.2024048095955;309013;4763;21607.80384298029;213612000;2000;"7.504";"21.607";"309.013";"4.763";"213612.0";"2.0"
"6943";2319556.747747749;213880170;0;29297.297297297293;781000;0;"2319.556";"29.297";"213880.17";"0.0";"781.0";"0.0"
"6944";5620.495123350545;7000005;3242;124287.43545610638;215183000;2000;"5.62";"124.287";"7000.005";"3.242";"215183.0";"2.0"
"6963";6874.796957701434;433881;6156;109491.14145502381;213898000;10000;"6.874";"109.491";"433.881";"6.156";"213898.0";"10.0"
"6970";7328.992605587874;108246017;2524;41137.76804743934;214725000;0;"7.328";"41.137";"108246.017";"2.524";"214725.0";"0.0"
"6974";906695.5000000009;31506637;36502;290287.081339713;30217000;2000;"906.695";"290.287";"31506.637";"36.502";"30217.0";"2.0"
"6975";4981.353318715786;2638719;2591;694096.5484194127;221652000;2000;"4.981";"694.096";"2638.719";"2.591";"221652.0";"2.0"
"6976";2084.42313835965;318691;1031;4155.509409851312;2637000;2000;"2.084";"4.155";"318.691";"1.031";"2637.0";"2.0"
"6986";10308.044480442257;1800677;2109;24932.72203067392;2247000;3000;"10.308";"24.932";"1800.677";"2.109";"2247.0";"3.0"
"6987";6993.073509303794;80727513;3510;3040.841804886686;2221000;1000;"6.993";"3.04";"80727.513";"3.51";"2221.0";"1.0"
"6997";9828.05670501497;30301792;4358;37431.0175688926;2270000;10000;"9.828";"37.431";"30301.792";"4.358";"2270.0";"10.0"
"6998";10459.910381425208;82308188;6542;36441.89434253991;30338000;6000;"10.459";"36.441";"82308.188";"6.542";"30338.0";"6.0"
"6999";7508.078183304731;100436160;4701;18124.22507990745;30307000;10000;"7.508";"18.124";"100436.16";"4.701";"30307.0";"10.0"
"7004";9974.226216682564;66729518;0;40449.9940504518;30308000;0;"9.974";"40.449";"66729.518";"0.0";"30308.0";"0.0"
"7005";7075.378540644948;377439;6404;3882.4193788081257;30866000;1000;"7.075";"3.882";"377.439";"6.404";"30866.0";"1.0"
"7017";8034.873199964253;1946558;6587;151367.2072985278;214211000;16000;"8.034";"151.367";"1946.558";"6.587";"214211.0";"16.0"
"7026";4.103571638890478;56;2;4205.200209057135;2170429;1138;"0.004";"4.205";"0.056";"0.002";"2170.429";"1.138"
"7027";4.066059544142827;134;2;12964.0370457622;5693381;2452;"0.004";"12.964";"0.134";"0.002";"5693.381";"2.452"
"7028";3.8189877332233717;2341;2;16957.89987777348;5696298;3187;"0.003";"16.957";"2.341";"0.002";"5696.298";"3.187"
"7029";4196.016232379319;133390;2412;15335.599287071402;5694000;1000;"4.196";"15.335";"133.39";"2.412";"5694.0";"1.0"
"7030";3.8889511149102023;59;2;55466.55002726531;7597532;13477;"0.003";"55.466";"0.059";"0.002";"7597.532";"13.477"
"7055";965.2994696042413;104424;83;1008871.481028152;17521000;14000;"0.965";"1008.871";"104.424";"0.083";"17521.0";"14.0"
"7123";2.059609455292907;14;0;370.4768756423432;2382;0;"0.002";"0.37";"0.014";"0.0";"2.382";"0.0"
"7234";20827.378492322936;30592640;724;296158.44450037566;214104000;7000;"20.827";"296.158";"30592.64";"0.724";"214104.0";"7.0"
"7277";4.370587138862905;61;2;67264.47172413724;42070433;10750;"0.004";"67.264";"0.061";"0.002";"42070.433";"10.75"
"7278";4.352154402474545;42;2;67465.12660654257;2606047;10752;"0.004";"67.465";"0.042";"0.002";"2606.047";"10.752"
"7279";4.408530951647663;80;2;73384.97412996585;855285;10797;"0.004";"73.384";"0.08";"0.002";"855.285";"10.797"
"7280";4.743657042869643;4303;2;76566.6808239881;2611716;10766;"0.004";"76.566";"4.303";"0.002";"2611.716";"10.766"
"7370";4.523332761872057;68;2;2450.7390365163205;30069067;103;"0.004";"2.45";"0.068";"0.002";"30069.067";"0.103"
"7371";910.4068167070715;9109363;0;311872.8392814427;342423782;0;"0.91";"311.872";"9109.363";"0.0";"342423.782";"0.0"
"7378";609578.9166666666;689399;544267;37031333.33333333;296091000;1807000;"609.578";"37031.333";"689.399";"544.267";"296091.0";"1807.0"
"7379";608532.3333333333;689677;544433;46835666.66666666;297509000;10802000;"608.532";"46835.666";"689.677";"544.433";"297509.0";"10802.0"
"7380";608540.8888888889;690033;544570;47389333.33333333;297674000;10646000;"608.54";"47389.333";"690.033";"544.57";"297674.0";"10646.0"
"7381";608700.8888888888;690235;544735;46632777.777777776;296317000;10713000;"608.7";"46632.777";"690.235";"544.735";"296317.0";"10713.0"
"7382";608871.3333333333;690457;544907;46549555.555555545;296090000;10575000;"608.871";"46549.555";"690.457";"544.907";"296090.0";"10575.0"
"7383";618451.3333333333;637448;584514;11803333.333333332;13102000;10575000;"618.451";"11803.333";"637.448";"584.514";"13102.0";"10575.0"
"7390";1100656.5714285714;3403452;586966;37044571.42857143;65303000;118000;"1100.656";"37044.571";"3403.452";"586.966";"65303.0";"118.0"
"7391";1160682.3333333335;3405127;586136;54510166.66666667;67091000;8024000;"1160.682";"54510.166";"3405.127";"586.136";"67091.0";"8024.0"
"7392";1041051.5;3404179;0;43509666.66666667;66593000;0;"1041.051";"43509.666";"3404.179";"0.0";"66593.0";"0.0"
"7393";1160734.8333333335;3403928;586383;62539166.66666667;66353000;57183000;"1160.734";"62539.166";"3403.928";"586.383";"66353.0";"57183.0"
"7394";1161207;3404946;586531;62441166.66666667;66591000;57282000;"1161.207";"62441.166";"3404.946";"586.531";"66591.0";"57282.0"
"7395";1160970.5;3404692;586665;62569000;67089000;57180000;"1160.97";"62569.0";"3404.692";"586.665";"67089.0";"57180.0"
"7408";344.65244687701136;6384;0;6216830.800064372;32769181000;0;"0.344";"6216.83";"6.384";"0.0";"2147483.647";"0.0"
"7510";26012.28888888889;41525;0;39577.77777777778;538000;0;"26.012";"39.577";"41.525";"0.0";"538.0";"0.0"
"7511";26100.588235294137;164166;0;39310.92436974792;399000;0;"26.1";"39.31";"164.166";"0.0";"399.0";"0.0"
"7568";9647.167608715454;92274854;4596;410269.25882031024;214320000;8000;"9.647";"410.269";"92274.854";"4.596";"214320.0";"8.0"
"7569";6474.711740361558;262695;5496;94606.92659551224;214290000;6000;"6.474";"94.606";"262.695";"5.496";"214290.0";"6.0"
"7626";2.5297450424929164;13;1;64700.16997167139;996335;15773;"0.002";"64.7";"0.013";"0.001";"996.335";"15.773"
"7634";860878.5040000008;5539051;505551;46132319.99999999;103307000;17000;"860.878";"46132.319";"5539.051";"505.551";"103307.0";"17.0"
"7635";859102.4918032796;5539333;507923;48812524.59016395;102656000;29000;"859.102";"48812.524";"5539.333";"507.923";"102656.0";"29.0"
"7636";861722.1250000001;5538504;506857;50793491.66666668;102691000;29000;"861.722";"50793.491";"5538.504";"506.857";"102691.0";"29.0"
"7640";750647.2000000001;942571;557088;4422400;6153000;3074000;"750.647";"4422.4";"942.571";"557.088";"6153.0";"3074.0"
"7641";813083.6666666666;942781;643457;5122666.666666666;6058000;4366000;"813.083";"5122.666";"942.781";"643.457";"6058.0";"4366.0"
"7642";747981.5;852145;643818;2628000;5144000;112000;"747.981";"2628.0";"852.145";"643.818";"5144.0";"112.0"
"7972";2818119.8703703727;85719569;0;21817148.148148157;318832000;0;"2818.119";"21817.148";"85719.569";"0.0";"318832.0";"0.0"
"7973";3368551.729411765;86704230;0;26706282.352941196;318676000;0;"3368.551";"26706.282";"86704.23";"0.0";"318676.0";"0.0"
"7974";3440046.179487179;84078772;0;29897538.46153846;318757000;0;"3440.046";"29897.538";"84078.772";"0.0";"318757.0";"0.0"
"7975";3644136.3972602724;86704411;0;31012452.054794513;318578000;0;"3644.136";"31012.452";"86704.411";"0.0";"318578.0";"0.0"
"7976";3770947.542857145;86704481;0;31885614.285714284;318575000;0;"3770.947";"31885.614";"86704.481";"0.0";"318575.0";"0.0"
"7977";846458.2307692306;1480611;0;5834769.230769231;40948000;0;"846.458";"5834.769";"1480.611";"0.0";"40948.0";"0.0"
"8161";14813.862068965516;74657;5363;236034.48275862072;542000;94000;"14.813";"236.034";"74.657";"5.363";"542.0";"94.0"
"920";32823.01449240375;4513827;2;6653.203602950018;2738000;296;"32.823";"6.653";"4513.827";"0.002";"2738.0";"0.296"
"968";3.779489013292502;50;2;835.5196429011678;4509;157;"0.003";"0.835";"0.05";"0.002";"4.509";"0.157"
"DEFAULT";2.045454545454546;8;0;361.5181818181819;1293;0;"0.002";"0.361";"0.008";"0.0";"1.293";"0.0"
"SR12_A2_A80_1";16157.428571428572;17460;14849;805428.5714285715;4304000;0;"16.157";"805.428";"17.46";"14.849";"4304.0";"0.0"
"SR12_A2_A80_2";16792.5625;17830;14978;28024312.500000007;432486000;0;"16.792";"28024.312";"17.83";"14.978";"432486.0";"0.0"
"SR12_A2_A90";3.928571428571428;12;0;124600.5;675761;0;"0.003";"124.6";"0.012";"0.0";"675.761";"0.0"
